{
    "parent": "block/block_small",
	"textures": {
        "red": "blocks/mushroom_red"
    },
    "elements": [
        {	"from": [ 7.0, 0.0, 7.0 ], 
            "to": [ 9.0, 1.0, 9.0 ], 
            "faces": {
                "north": { "texture": "#red", "uv": [ 7.0, 15.0, 9.0, 16.0 ] },
                "east":  { "texture": "#red", "uv": [ 7.0, 15.0, 9.0, 16.0 ] },
                "south": { "texture": "#red", "uv": [ 7.0, 15.0, 9.0, 16.0 ] },
                "west":  { "texture": "#red", "uv": [ 7.0, 15.0, 9.0, 16.0 ] },
                "up": 	 { "texture": "#red", "uv": [ 7.0, 15.0, 9.0, 16.0 ] },
                "down":  { "texture": "#red", "uv": [ 7.0, 15.0, 9.0, 16.0 ] }
            }
        },
        {	"from": [ 5.0, 1.0, 5.0 ], 
            "to": [ 11.0, 5.0, 11.0 ], 
            "faces": {
                "north": { "texture": "#red", "uv": [ 5.0, 11.0, 11.0, 15.0 ] },
                "east":  { "texture": "#red", "uv": [ 5.0, 11.0, 11.0, 15.0 ] },
                "south": { "texture": "#red", "uv": [ 5.0, 11.0, 11.0, 15.0 ] },
                "west":  { "texture": "#red", "uv": [ 5.0, 11.0, 11.0, 15.0 ] },
                "up": 	 { "texture": "#red", "uv": [ 5.0, 3.0, 11.0, 9.0 ] },
                "down":  { "texture": "#red", "uv": [ 5.0, 3.0, 11.0, 9.0 ] }
            }
        },
        {	"from": [ 6.0, 5.0, 6.0 ], 
            "to": [ 10.0, 6.0, 10.0 ], 
            "faces": {
                "north": { "texture": "#red", "uv": [ 6.0, 10.0, 10.0, 11.0 ] },
                "east":  { "texture": "#red", "uv": [ 6.0, 10.0, 10.0, 11.0 ] },
                "south": { "texture": "#red", "uv": [ 6.0, 10.0, 10.0, 11.0 ] },
                "west":  { "texture": "#red", "uv": [ 6.0, 10.0, 10.0, 11.0 ] },
                "up":    { "texture": "#red", "uv": [ 5.0, 11.0, 9.0, 15.0 ] },
                "down":  { "texture": "#red", "uv": [ 7.0, 11.0, 11.0, 15.0 ] }
            }
        },
        {	"from": [ 6.0, 2.0, 4.0 ], 
            "to": [ 10.0, 4.0, 5.0 ], 
            "faces": {
                "north": { "texture": "#red", "uv": [ 6.0, 12.0, 10.0, 14.0 ] },
                "east":  { "texture": "#red", "uv": [ 4.0, 12.0, 5.0, 14.0 ] },
                "south": { "texture": "#red", "uv": [ 6.0, 12.0, 10.0, 14.0 ] },
                "west":  { "texture": "#red", "uv": [ 11.0, 12.0, 12.0, 14.0 ] },
                "up": 	 { "texture": "#red", "uv": [ 6.0, 10.0, 10.0, 11.0 ] },
                "down":  { "texture": "#red", "uv": [ 6.0, 14.0, 10.0, 15.0 ] }
            }
        },
        {	"from": [ 6.0, 2.0, 11.0 ], 
            "to": [ 10.0, 4.0, 12.0 ], 
            "faces": {
                "north": { "texture": "#red", "uv": [ 10.0, 12.0, 6.0, 14.0 ] },
                "east":  { "texture": "#red", "uv": [ 11.0, 12.0, 12.0, 14.0 ] },
                "south": { "texture": "#red", "uv": [ 6.0, 12.0, 10.0, 14.0 ] },
                "west":  { "texture": "#red", "uv": [ 4.0, 12.0, 5.0, 14.0 ] },
                "up":    { "texture": "#red", "uv": [ 6.0, 10.0, 10.0, 11.0 ] },
                "down":  { "texture": "#red", "uv": [ 6.0, 14.0, 10.0, 15.0 ] }
            }
        },
        {	"from": [ 4.0, 2.0, 6.0 ], 
            "to": [ 5.0, 4.0, 10.0 ], 
            "faces": {
                "north": { "texture": "#red", "uv": [ 4.0, 12.0, 5.0, 14.0 ] },
                "east":  { "texture": "#red", "uv": [ 6.0, 12.0, 10.0, 14.0 ] },
                "south": { "texture": "#red", "uv": [ 11.0, 12.0, 12.0, 14.0 ] },
                "west":  { "texture": "#red", "uv": [ 10.0, 12.0, 6.0, 14.0 ] },
                "up": 	 { "texture": "#red", "uv": [ 5.0, 11.0, 6.0, 15.0 ] },
                "down":  { "texture": "#red", "uv": [ 10.0, 11.0, 11.0, 15.0 ] }
            }
        },
        {	"from": [ 11.0, 2.0, 6.0 ], 
            "to": [ 12.0, 4.0, 10.0 ], 
            "faces": {
                "north": { "texture": "#red", "uv": [ 11.0, 12.0, 12.0, 14.0 ] },
                "east":  { "texture": "#red", "uv": [ 6.0, 12.0, 10.0, 14.0 ] },
                "south": { "texture": "#red", "uv": [ 4.0, 12.0, 5.0, 14.0 ] },
                "west":  { "texture": "#red", "uv": [ 0.0, 0.0, 4.0, 2.0 ] },
                "up": 	 { "texture": "#red", "uv": [ 5.0, 11.0, 6.0, 15.0 ] },
                "down":  { "texture": "#red", "uv": [ 5.0, 11.0, 6.0, 15.0 ] }
            }
        }
    ]
}