{
    "textures": {
        "particle": "blocks/blocks/brewing_stand",
        "stand": "blocks/brewing_stand"
    },
    "elements": [
        {	"from": [ 6.6, 0.0, 7.5 ], 
            "to": [ 7.6, 14.0, 8.5 ], 
            "rotation": { "origin": [ 8.0, 8.0, 8.0 ], "axis": "y", "angle": -45.0 },
            "faces": {
                "north": { "texture": "#stand", "uv": [ 8.0, 2.0, 9.0, 16.0 ] },
                "east":  { "texture": "#stand", "uv": [ 8.0, 2.0, 9.0, 16.0 ] },
                "south": { "texture": "#stand", "uv": [ 8.0, 2.0, 9.0, 16.0 ] },
                "west":  { "texture": "#stand", "uv": [ 8.0, 2.0, 9.0, 16.0 ] },
                "up": 	 { "texture": "#stand", "uv": [ 8.0, 2.0, 9.0, 3.0 ] },
                "down":  { "texture": "#stand", "uv": [ 8.0, 15.0, 9.0, 16.0 ] }
            }
        },
        {	"from": [ 4.6, 3.0, 7.5 ], 
            "to": [ 6.6, 14.0, 8.5 ], 
            "rotation": { "origin": [ 8.0, 8.0, 8.0 ], "axis": "y", "angle": -45.0 },
            "faces": {
                "north": { "texture": "#stand", "uv": [ 9.0, 2.0, 11.0, 13.0 ] },
                "east":  { "texture": "#stand", "uv": [ 9.0, 2.0, 10.0, 13.0 ] },
                "south": { "texture": "#stand", "uv": [ 11.0, 2.0, 9.0, 13.0 ] },
                "west":  { "texture": "#stand", "uv": [ 10.0, 2.0, 11.0, 13.0 ] },
                "up": 	 { "texture": "#stand", "uv": [ 9.0, 2.0, 11.0, 3.0 ] },
                "down":  { "texture": "#stand", "uv": [ 9.0, 12.0, 11.0, 13.0 ] }
            }
        },
        {	"from": [ 3.6, 12.0, 7.5 ], 
            "to": [ 4.6, 14.0, 8.5 ], 
            "rotation": { "origin": [ 8.0, 8.0, 8.0 ], "axis": "y", "angle": -45.0 },
            "faces": {
                "north": { "texture": "#stand", "uv": [ 11.0, 2.0, 12.0, 4.0 ] },
                "east":  { "texture": "#stand", "uv": [ 11.0, 2.0, 12.0, 4.0 ] },
                "south": { "texture": "#stand", "uv": [ 12.0, 2.0, 11.0, 4.0 ] },
                "west":  { "texture": "#stand", "uv": [ 11.0, 2.0, 12.0, 4.0 ] },
                "up":	 { "texture": "#stand", "uv": [ 11.0, 2.0, 12.0, 3.0 ] },
                "down":  { "texture": "#stand", "uv": [ 11.0, 3.0, 12.0, 4.0 ] }
            }
        },
        {	"from": [ 2.6, 10.0, 7.5 ], 
            "to": [ 3.6, 16.0, 8.5 ], 
            "rotation": { "origin": [ 8.0, 8.0, 8.0 ], "axis": "y", "angle": -45.0 },
            "faces": {
                "north": { "texture": "#stand", "uv": [ 3.0, 0.0, 4.0, 6.0 ] },
                "east":  { "texture": "#stand", "uv": [ 3.0, 0.0, 4.0, 6.0 ] },
                "south": { "texture": "#stand", "uv": [ 4.0, 0.0, 3.0, 6.0 ] },
                "west":  { "texture": "#stand", "uv": [ 3.0, 0.0, 4.0, 6.0 ] },
                "up": 	 { "texture": "#stand", "uv": [ 3.0, 0.0, 4.0, 1.0 ] },
                "down":  { "texture": "#stand", "uv": [ 3.0, 5.0, 4.0, 6.0 ] }
            }
        },
        {	"from": [ 0.6, 2.0, 7.5 ], 
            "to": [ 3.6, 9.0, 8.5 ], 
            "rotation": { "origin": [ 8.0, 8.0, 8.0 ], "axis": "y", "angle": -45.0 },
            "faces": {
                "north": { "texture": "#stand", "uv": [ 1.0, 7.0, 4.0, 14.0 ] },
                "east":  { "texture": "#stand", "uv": [ 3.0, 7.0, 4.0, 14.0 ] },
                "south": { "texture": "#stand", "uv": [ 1.0, 7.0, 4.0, 14.0 ] },
                "west":  { "texture": "#stand", "uv": [ 1.0, 7.0, 2.0, 14.0 ] },
                "up": 	 { "texture": "#stand", "uv": [ 1.0, 7.0, 4.0, 8.0 ] },
                "down":  { "texture": "#stand", "uv": [ 1.0, 13.0, 4.0, 14.0 ] }
            }
        },
        {	"from": [ -0.4, 3.0, 7.5 ], 
            "to": [ 0.6, 6.0, 8.5 ], 
            "rotation": { "origin": [ 8.0, 8.0, 8.0 ], "axis": "y", "angle": -45.0 },
            "faces": {
                "north": { "texture": "#stand", "uv": [ 0.0, 10.0, 1.0, 13.0 ] },
                "east":  { "texture": "#stand", "uv": [ 0.0, 10.0, 1.0, 13.0 ] },
                "south": { "texture": "#stand", "uv": [ 0.0, 10.0, 1.0, 13.0 ] },
                "west":  { "texture": "#stand", "uv": [ 0.0, 10.0, 1.0, 13.0 ] },
                "up": 	 { "texture": "#stand", "uv": [ 0.0, 10.0, 1.0, 11.0 ] },
                "down":  { "texture": "#stand", "uv": [ 0.0, 12.0, 1.0, 13.0 ] }
            }
        },
        {	"from": [ 3.6, 3.0, 7.5 ], 
            "to": [ 4.6, 6.0, 8.5 ], 
            "rotation": { "origin": [ 8.0, 8.0, 8.0 ], "axis": "y", "angle": -45.0 },
            "faces": {
                "north": { "texture": "#stand", "uv": [ 4.0, 10.0, 5.0, 13.0 ] },
                "east":  { "texture": "#stand", "uv": [ 4.0, 10.0, 5.0, 13.0 ] },
                "south": { "texture": "#stand", "uv": [ 4.0, 10.0, 5.0, 13.0 ] },
                "west":  { "texture": "#stand", "uv": [ 4.0, 10.0, 5.0, 13.0 ] },
                "up": 	 { "texture": "#stand", "uv": [ 4.0, 10.0, 5.0, 11.0 ] },
                "down":  { "texture": "#stand", "uv": [ 4.0, 12.0, 5.0, 13.0 ] }
            }
        },
        {	"from": [ 1.6, 9.0, 7.5 ], 
            "to": [ 2.6, 10.0, 8.5 ], 
            "rotation": { "origin": [ 8.0, 8.0, 8.0 ], "axis": "y", "angle": -45.0 },
            "faces": {
                "north": { "texture": "#stand", "uv": [ 2.0, 6.0, 3.0, 7.0 ] },
                "east":  { "texture": "#stand", "uv": [ 2.0, 6.0, 3.0, 7.0 ] },
                "south": { "texture": "#stand", "uv": [ 2.0, 6.0, 3.0, 7.0 ] },
                "west":  { "texture": "#stand", "uv": [ 2.0, 6.0, 3.0, 7.0 ] },
                "up": 	 { "texture": "#stand", "uv": [ 2.0, 6.0, 3.0, 7.0 ] },
                "down":  { "texture": "#stand", "uv": [ 2.0, 6.0, 3.0, 7.0 ] }
            }
        }
    ]
}