{
    "textures": {
        "particle": "blocks/brewing_stand",
        "stand": "blocks/brewing_stand"
    },
    "elements": [
        {	"from": [ 8.0, 0.0, 7.5 ], 
            "to": [ 9.0, 14.0, 8.5 ], 
            "faces": {
                "north": { "texture": "#stand", "uv": [ 8.0, 2.0, 9.0, 16.0 ] },
                "east":  { "texture": "#stand", "uv": [ 8.0, 2.0, 9.0, 16.0 ] },
                "south": { "texture": "#stand", "uv": [ 8.0, 2.0, 9.0, 16.0 ] },
                "west":  { "texture": "#stand", "uv": [ 8.0, 2.0, 9.0, 16.0 ] },
                "up": 	 { "texture": "#stand", "uv": [ 8.0, 2.0, 9.0, 3.0 ] },
                "down":  { "texture": "#stand", "uv": [ 8.0, 15.0, 9.0, 16.0 ] }
            }
        },
        {	"from": [ 9.0, 3.0, 7.5 ], 
            "to": [ 11.0, 14.0, 8.5 ], 
            "faces": {
                "north": { "texture": "#stand", "uv": [ 11.0, 2.0, 9.0, 13.0 ] },
                "east":  { "texture": "#stand", "uv": [ 10.0, 2.0, 11.0, 13.0 ] },
                "south": { "texture": "#stand", "uv": [ 9.0, 2.0, 11.0, 13.0 ] },
                "west":  { "texture": "#stand", "uv": [ 9.0, 2.0, 10.0, 13.0 ] },
                "up": 	 { "texture": "#stand", "uv": [ 9.0, 2.0, 11.0, 3.0 ] },
                "down":  { "texture": "#stand", "uv": [ 9.0, 12.0, 11.0, 13.0 ] }
            }
        },
        { 	"from": [ 11.0, 12.0, 7.5 ], 
            "to": [ 12.0, 14.0, 8.5 ], 
            "faces": {
                "north": { "texture": "#stand", "uv": [ 11.0, 2.0, 12.0, 4.0 ] },
                "east":  { "texture": "#stand", "uv": [ 11.0, 2.0, 12.0, 4.0 ] },
                "south": { "texture": "#stand", "uv": [ 11.0, 2.0, 12.0, 4.0 ] },
                "west":  { "texture": "#stand", "uv": [ 11.0, 2.0, 12.0, 4.0 ] },
                "up": 	 { "texture": "#stand", "uv": [ 11.0, 2.0, 12.0, 3.0 ] },
                "down":  { "texture": "#stand", "uv": [ 11.0, 3.0, 12.0, 4.0 ] }
            }
        },
        {	"from": [ 12.0, 7.0, 7.5 ], 
            "to": [ 13.0, 16.0, 8.5 ], 
            "faces": {
                "north": { "texture": "#stand", "uv": [ 12.0, 0.0, 13.0, 9.0 ] },
                "east":  { "texture": "#stand", "uv": [ 12.0, 0.0, 13.0, 9.0 ] },
                "south": { "texture": "#stand", "uv": [ 12.0, 0.0, 13.0, 9.0 ] },
                "west":  { "texture": "#stand", "uv": [ 12.0, 0.0, 13.0, 9.0 ] },
                "up": 	 { "texture": "#stand", "uv": [ 12.0, 0.0, 13.0, 1.0 ] },
                "down":  { "texture": "#stand", "uv": [ 12.0, 8.0, 13.0, 9.0 ] }
            }
        }
    ]
}