{
    "textures": {
        "brown": "blocks/mushroom_brown",
		"particle": "blocks/mushroom_brown"
    },
	"elements": [
        {   "from": [ 7, 0, 7 ],
            "to": [ 9, 2, 9 ],
            "faces": {
				"down":  { "texture": "#brown", "uv": [ 7, 14, 9, 16] },  
				"up": 	 { "texture": "#brown", "uv": [ 7, 14, 9, 16] },
                "north": { "texture": "#brown", "uv": [ 7, 14, 9, 16] },
                "south": { "texture": "#brown", "uv": [ 7, 14, 9, 16] },
                "west":  { "texture": "#brown", "uv": [ 7, 14, 9, 16] },
                "east":  { "texture": "#brown", "uv": [ 7, 14, 9, 16] }
            }
        },
		{   "from": [ 5, 2, 5 ],
            "to": [ 11, 5, 11 ],
            "faces": {
				"down":  { "texture": "#brown", "uv": [ 5,  3, 11,  9] },  
				"up": 	 { "texture": "#brown", "uv": [ 5,  3, 11,  9] },
                "north": { "texture": "#brown", "uv": [ 5, 11, 11, 14] },
                "south": { "texture": "#brown", "uv": [ 5, 11, 11, 14] },
                "west":  { "texture": "#brown", "uv": [ 5, 11, 11, 14] },
                "east":  { "texture": "#brown", "uv": [ 5, 11, 11, 14] }
            }
        },
		{   "from": [ 6, 5, 6 ],
            "to": [ 10, 6, 10 ],
            "faces": {
				"down":  { "texture": "#brown", "uv": [ 6,  4, 10,  8] },  
				"up": 	 { "texture": "#brown", "uv": [ 6,  4, 10,  8] },
                "north": { "texture": "#brown", "uv": [ 6, 10, 10, 11] },
                "south": { "texture": "#brown", "uv": [ 6, 10, 10, 11] },
                "west":  { "texture": "#brown", "uv": [ 6, 10, 10, 11] },
                "east":  { "texture": "#brown", "uv": [ 6, 10, 10, 11] }
            }
        }
    ]
}
