{
    "parent": "block/block_small",
	"textures": {
		"particle": "blocks/flower_pot",
        "flowerpot": "blocks/flower_pot",
        "dirt": "blocks/dirt",
        "red": "blocks/mushroom_red"
    },
    "elements": [
		{   "from": [ 5, 0, 5 ],
            "to": [ 6, 6, 11 ],
            "faces": {
                "down":  { "uv": [ 5, 5, 6, 11 ], "texture": "#flowerpot", "cullface": "down" },
                "up":    { "uv": [ 5, 5, 6, 11 ], "texture": "#flowerpot" },
                "north": { "uv": [ 10, 10, 11, 16 ], "texture": "#flowerpot" },
                "south": { "uv": [ 5, 10, 6, 16 ], "texture": "#flowerpot" },
                "west":  { "uv": [ 5, 10, 11, 16 ], "texture": "#flowerpot" },
                "east":  { "uv": [ 5, 10, 11, 16 ], "texture": "#flowerpot" }
            }
        },
        {   "from": [ 10, 0, 5 ],
            "to": [ 11, 6, 11 ],
            "faces": {
                "down":  { "uv": [ 10, 5, 11, 11 ], "texture": "#flowerpot", "cullface": "down" },
                "up":    { "uv": [ 10, 5, 11, 11 ], "texture": "#flowerpot" },
                "north": { "uv": [ 5, 10, 6, 16 ], "texture": "#flowerpot" },
                "south": { "uv": [ 10, 10, 11, 16 ], "texture": "#flowerpot" },
                "west":  { "uv": [ 5, 10, 11, 16 ], "texture": "#flowerpot" },
                "east":  { "uv": [ 5, 10, 11, 16 ], "texture": "#flowerpot" }
            }
        },
        {   "from": [ 6, 0, 5 ],
            "to": [ 10, 6, 6 ],
            "faces": {
                "down":  { "uv": [ 6, 10, 10, 11 ], "texture": "#flowerpot", "cullface": "down" },
                "up":    { "uv": [ 6, 5, 10, 6 ], "texture": "#flowerpot" },
                "north": { "uv": [ 6, 10, 10, 16 ], "texture": "#flowerpot" },
                "south": { "uv": [ 6, 10, 10, 16 ], "texture": "#flowerpot" }
            }
        },
        {   "from": [ 6, 0, 10 ],
            "to": [ 10, 6, 11 ],
            "faces": {
                "down":  { "uv": [ 6, 5, 10, 6 ], "texture": "#flowerpot", "cullface": "down" },
                "up":    { "uv": [ 6, 10, 10, 11 ], "texture": "#flowerpot" },
                "north": { "uv": [ 6, 10, 10, 16 ], "texture": "#flowerpot" },
                "south": { "uv": [ 6, 10, 10, 16 ], "texture": "#flowerpot" }
            }
        },
        {   "from": [ 6, 0, 6 ],
            "to": [ 10, 4, 10 ],
            "faces": {
                "down": { "uv": [ 6, 6, 10, 10 ], "texture": "#flowerpot", "cullface": "down" },
                "up":   { "uv": [ 6, 6, 10, 10 ], "texture": "#dirt" }
            }
        },
        {	"from": [ 7.0, 5, 7.0 ], 
            "to": [ 9.0, 7, 9.0 ], 
            "faces": {
                "north": { "texture": "#red", "uv": [ 7.0, 15.0, 9.0, 16.0 ] },
                "east":  { "texture": "#red", "uv": [ 7.0, 15.0, 9.0, 16.0 ] },
                "south": { "texture": "#red", "uv": [ 7.0, 15.0, 9.0, 16.0 ] },
                "west":  { "texture": "#red", "uv": [ 7.0, 15.0, 9.0, 16.0 ] },
                "up": 	 { "texture": "#red", "uv": [ 7.0, 15.0, 9.0, 16.0 ] },
                "down":  { "texture": "#red", "uv": [ 7.0, 15.0, 9.0, 16.0 ] }
            }
        },
        {	"from": [ 5.0, 7, 5.0 ], 
            "to": [ 11.0, 11, 11.0 ], 
            "faces": {
                "north": { "texture": "#red", "uv": [ 5.0, 11.0, 11.0, 15.0 ] },
                "east":  { "texture": "#red", "uv": [ 5.0, 11.0, 11.0, 15.0 ] },
                "south": { "texture": "#red", "uv": [ 5.0, 11.0, 11.0, 15.0 ] },
                "west":  { "texture": "#red", "uv": [ 5.0, 11.0, 11.0, 15.0 ] },
                "up": 	 { "texture": "#red", "uv": [ 5.0, 3.0, 11.0, 9.0 ] },
                "down":  { "texture": "#red", "uv": [ 5.0, 3.0, 11.0, 9.0 ] }
            }
        },
        {	"from": [ 6.0, 11, 6.0 ], 
            "to": [ 10.0, 12, 10.0 ], 
            "faces": {
                "north": { "texture": "#red", "uv": [ 6.0, 10.0, 10.0, 11.0 ] },
                "east":  { "texture": "#red", "uv": [ 6.0, 10.0, 10.0, 11.0 ] },
                "south": { "texture": "#red", "uv": [ 6.0, 10.0, 10.0, 11.0 ] },
                "west":  { "texture": "#red", "uv": [ 6.0, 10.0, 10.0, 11.0 ] },
                "up":    { "texture": "#red", "uv": [ 5.0, 11.0, 9.0, 15.0 ] },
                "down":  { "texture": "#red", "uv": [ 7.0, 11.0, 11.0, 15.0 ] }
            }
        },
        {	"from": [ 6.0, 8, 4.0 ], 
            "to": [ 10.0, 10, 5.0 ], 
            "faces": {
                "north": { "texture": "#red", "uv": [ 6.0, 12.0, 10.0, 14.0 ] },
                "east":  { "texture": "#red", "uv": [ 4.0, 12.0, 5.0, 14.0 ] },
                "south": { "texture": "#red", "uv": [ 6.0, 12.0, 10.0, 14.0 ] },
                "west":  { "texture": "#red", "uv": [ 11.0, 12.0, 12.0, 14.0 ] },
                "up": 	 { "texture": "#red", "uv": [ 6.0, 10.0, 10.0, 11.0 ] },
                "down":  { "texture": "#red", "uv": [ 6.0, 14.0, 10.0, 15.0 ] }
            }
        },
        {	"from": [ 6.0, 8, 11.0 ], 
            "to": [ 10.0, 10, 12.0 ], 
            "faces": {
                "north": { "texture": "#red", "uv": [ 10.0, 12.0, 6.0, 14.0 ] },
                "east":  { "texture": "#red", "uv": [ 11.0, 12.0, 12.0, 14.0 ] },
                "south": { "texture": "#red", "uv": [ 6.0, 12.0, 10.0, 14.0 ] },
                "west":  { "texture": "#red", "uv": [ 4.0, 12.0, 5.0, 14.0 ] },
                "up":    { "texture": "#red", "uv": [ 6.0, 10.0, 10.0, 11.0 ] },
                "down":  { "texture": "#red", "uv": [ 6.0, 14.0, 10.0, 15.0 ] }
            }
        },
        {	"from": [ 4.0, 8, 6.0 ], 
            "to": [ 5.0, 10, 10.0 ], 
            "faces": {
                "north": { "texture": "#red", "uv": [ 4.0, 12.0, 5.0, 14.0 ] },
                "east":  { "texture": "#red", "uv": [ 6.0, 12.0, 10.0, 14.0 ] },
                "south": { "texture": "#red", "uv": [ 11.0, 12.0, 12.0, 14.0 ] },
                "west":  { "texture": "#red", "uv": [ 10.0, 12.0, 6.0, 14.0 ] },
                "up": 	 { "texture": "#red", "uv": [ 5.0, 11.0, 6.0, 15.0 ] },
                "down":  { "texture": "#red", "uv": [ 10.0, 11.0, 11.0, 15.0 ] }
            }
        },
        {	"from": [ 11.0, 8, 6.0 ], 
            "to": [ 12.0, 10, 10.0 ], 
            "faces": {
                "north": { "texture": "#red", "uv": [ 11.0, 12.0, 12.0, 14.0 ] },
                "east":  { "texture": "#red", "uv": [ 6.0, 12.0, 10.0, 14.0 ] },
                "south": { "texture": "#red", "uv": [ 4.0, 12.0, 5.0, 14.0 ] },
                "west":  { "texture": "#red", "uv": [ 0.0, 0.0, 4.0, 2.0 ] },
                "up": 	 { "texture": "#red", "uv": [ 5.0, 11.0, 6.0, 15.0 ] },
                "down":  { "texture": "#red", "uv": [ 5.0, 11.0, 6.0, 15.0 ] }
            }
        }
    ]
}
