{
    "ambientocclusion": false,
    "textures": {
        "particle": "blocks/flower_pot",
        "flowerpot": "blocks/flower_pot",
        "dirt": "blocks/dirt",
		"brown": "blocks/mushroom_brown"
    },
    "elements": [
        {   "from": [ 5, 0, 5 ],
            "to": [ 6, 6, 11 ],
            "faces": {
                "down":  { "uv": [ 5, 5, 6, 11 ], "texture": "#flowerpot", "cullface": "down" },
                "up":    { "uv": [ 5, 5, 6, 11 ], "texture": "#flowerpot" },
                "north": { "uv": [ 10, 10, 11, 16 ], "texture": "#flowerpot" },
                "south": { "uv": [ 5, 10, 6, 16 ], "texture": "#flowerpot" },
                "west":  { "uv": [ 5, 10, 11, 16 ], "texture": "#flowerpot" },
                "east":  { "uv": [ 5, 10, 11, 16 ], "texture": "#flowerpot" }
            }
        },
        {   "from": [ 10, 0, 5 ],
            "to": [ 11, 6, 11 ],
            "faces": {
                "down":  { "uv": [ 10, 5, 11, 11 ], "texture": "#flowerpot", "cullface": "down" },
                "up":    { "uv": [ 10, 5, 11, 11 ], "texture": "#flowerpot" },
                "north": { "uv": [ 5, 10, 6, 16 ], "texture": "#flowerpot" },
                "south": { "uv": [ 10, 10, 11, 16 ], "texture": "#flowerpot" },
                "west":  { "uv": [ 5, 10, 11, 16 ], "texture": "#flowerpot" },
                "east":  { "uv": [ 5, 10, 11, 16 ], "texture": "#flowerpot" }
            }
        },
        {   "from": [ 6, 0, 5 ],
            "to": [ 10, 6, 6 ],
            "faces": {
                "down":  { "uv": [ 6, 10, 10, 11 ], "texture": "#flowerpot", "cullface": "down" },
                "up":    { "uv": [ 6, 5, 10, 6 ], "texture": "#flowerpot" },
                "north": { "uv": [ 6, 10, 10, 16 ], "texture": "#flowerpot" },
                "south": { "uv": [ 6, 10, 10, 16 ], "texture": "#flowerpot" }
            }
        },
        {   "from": [ 6, 0, 10 ],
            "to": [ 10, 6, 11 ],
            "faces": {
                "down":  { "uv": [ 6, 5, 10, 6 ], "texture": "#flowerpot", "cullface": "down" },
                "up":    { "uv": [ 6, 10, 10, 11 ], "texture": "#flowerpot" },
                "north": { "uv": [ 6, 10, 10, 16 ], "texture": "#flowerpot" },
                "south": { "uv": [ 6, 10, 10, 16 ], "texture": "#flowerpot" }
            }
        },
        {   "from": [ 6, 0, 6 ],
            "to": [ 10, 4, 10 ],
            "faces": {
                "down": { "uv": [ 6, 6, 10, 10 ], "texture": "#flowerpot", "cullface": "down" },
                "up":   { "uv": [ 6, 6, 10, 10 ], "texture": "#dirt" }
            }
        },
		{   "from": [ 7, 5, 7 ],
            "to": [ 9, 7, 9 ],
            "faces": {
				"down":  { "texture": "#brown", "uv": [ 7, 14, 9, 16] },  
				"up": 	 { "texture": "#brown", "uv": [ 7, 14, 9, 16] },
                "north": { "texture": "#brown", "uv": [ 7, 14, 9, 16] },
                "south": { "texture": "#brown", "uv": [ 7, 14, 9, 16] },
                "west":  { "texture": "#brown", "uv": [ 7, 14, 9, 16] },
                "east":  { "texture": "#brown", "uv": [ 7, 14, 9, 16] }
            }
        },
		{   "from": [ 5, 7, 5 ],
            "to": [ 11, 10, 11 ],
            "faces": {
				"down":  { "texture": "#brown", "uv": [ 5,  3, 11,  9] },  
				"up": 	 { "texture": "#brown", "uv": [ 5,  3, 11,  9] },
                "north": { "texture": "#brown", "uv": [ 5, 11, 11, 14] },
                "south": { "texture": "#brown", "uv": [ 5, 11, 11, 14] },
                "west":  { "texture": "#brown", "uv": [ 5, 11, 11, 14] },
                "east":  { "texture": "#brown", "uv": [ 5, 11, 11, 14] }
            }
        },
		{   "from": [ 6, 10, 6 ],
            "to": [ 10, 11, 10 ],
            "faces": {
				"down":  { "texture": "#brown", "uv": [ 6,  4, 10,  8] },  
				"up": 	 { "texture": "#brown", "uv": [ 6,  4, 10,  8] },
                "north": { "texture": "#brown", "uv": [ 6, 10, 10, 11] },
                "south": { "texture": "#brown", "uv": [ 6, 10, 10, 11] },
                "west":  { "texture": "#brown", "uv": [ 6, 10, 10, 11] },
                "east":  { "texture": "#brown", "uv": [ 6, 10, 10, 11] }
            }
        }
    ]
}
