{
    "ambientocclusion": false,
    "textures": {
        "particle": "blocks/ladder",
        "texture": "blocks/ladder"
    },
    "elements": [
        {   "from": [ 2, 0, 14 ],
            "to": [ 4, 16, 16 ],
            "shade": false,
            "faces": {
				"up": 	 { "uv": [ 2, 0, 4,  2 ], "texture": "#texture" },
				"down":  { "uv": [ 2, 0, 4,  2 ], "texture": "#texture" },
                "north": { "uv": [ 2, 0, 4, 16 ], "texture": "#texture" },
                "south": { "uv": [ 2, 0, 4, 16 ], "texture": "#texture" },
				"west":  { "uv": [ 2, 0, 4, 16 ], "texture": "#texture" },
				"east":  { "uv": [ 2, 0, 4, 16 ], "texture": "#texture" }
            },
			"__comment": "Right post"
        },
		{   "from": [ 12, 0, 14 ],
            "to": [ 14, 16, 16 ],
            "shade": false,
            "faces": {
				"up": 	 { "uv": [ 2, 0, 4,  2 ], "texture": "#texture" },
				"down":  { "uv": [ 2, 0, 4,  2 ], "texture": "#texture" },
                "north": { "uv": [ 2, 0, 4, 16 ], "texture": "#texture" },
                "south": { "uv": [ 2, 0, 4, 16 ], "texture": "#texture" },
				"west":  { "uv": [ 2, 0, 4, 16 ], "texture": "#texture" },
				"east":  { "uv": [ 2, 0, 4, 16 ], "texture": "#texture" }
            },
			"__comment": "Left post"
        },
		{   "from": [ 1, 1, 14.5 ],
            "to": [ 15, 3, 15.5 ],
            "shade": false,
            "faces": {
				"up": 	 { "uv": [ 1, 1, 15,  2 ], "texture": "#texture" },
				"down":  { "uv": [ 1, 1, 15,  2 ], "texture": "#texture" },
                "north": { "uv": [ 1, 1, 15,  3 ], "texture": "#texture" },
                "south": { "uv": [ 1, 1, 15,  3 ], "texture": "#texture" },
				"west":  { "uv": [ 3, 1,  4,  3 ], "texture": "#texture" },
				"east":  { "uv": [ 5, 1,  6,  3 ], "texture": "#texture" }
            },
			"__comment": "Step 1"
        },
		{   "from": [ 1, 5, 14.5 ],
            "to": [ 15, 7, 15.5 ],
            "shade": false,
            "faces": {
				"up": 	 { "uv": [ 1, 1, 15,  2 ], "texture": "#texture" },
				"down":  { "uv": [ 1, 1, 15,  2 ], "texture": "#texture" },
                "north": { "uv": [ 1, 5, 15,  7 ], "texture": "#texture" },
                "south": { "uv": [ 1, 5, 15,  7 ], "texture": "#texture" },
				"west":  { "uv": [ 3, 1,  4,  3 ], "texture": "#texture" },
				"east":  { "uv": [ 5, 1,  6,  3 ], "texture": "#texture" }
            },
			"__comment": "Step 2"
        },
		{   "from": [ 1, 9, 14.5 ],
            "to": [ 15, 11, 15.5 ],
            "shade": false,
            "faces": {
				"up": 	 { "uv": [ 1, 1, 15,  2 ], "texture": "#texture" },
				"down":  { "uv": [ 1, 1, 15,  2 ], "texture": "#texture" },
                "north": { "uv": [ 1, 9, 15, 11 ], "texture": "#texture" },
                "south": { "uv": [ 1, 9, 15, 11 ], "texture": "#texture" },
				"west":  { "uv": [ 3, 1,  4,  3 ], "texture": "#texture" },
				"east":  { "uv": [ 5, 1,  6,  3 ], "texture": "#texture" }
            },
			"__comment": "Step 3"
        },
		{   "from": [ 1, 13, 14.5 ],
            "to": [ 15, 15, 15.5 ],
            "shade": false,
            "faces": {
				"up": 	 { "uv": [ 1,  1, 15,  2 ], "texture": "#texture" },
				"down":  { "uv": [ 1,  1, 15,  2 ], "texture": "#texture" },
                "north": { "uv": [ 1, 13, 15, 15 ], "texture": "#texture" },
                "south": { "uv": [ 1, 13, 15, 15 ], "texture": "#texture" },
				"west":  { "uv": [ 3,  1,  4,  3 ], "texture": "#texture" },
				"east":  { "uv": [ 5,  1,  6,  3 ], "texture": "#texture" }
            },
			"__comment": "Step 4"
        }
    ]
}
