{
    "textures": {
        "0": "blocks/mushroom_red"
    },
    "elements": [
        {
            "name": "Cube",
            "from": [ 7.0, 0.0, 7.0 ], 
            "to": [ 9.0, 1.0, 9.0 ], 
            "faces": {
                "north": { "texture": "#0", "uv": [ 7.0, 15.0, 9.0, 16.0 ] },
                "east": { "texture": "#0", "uv": [ 7.0, 15.0, 9.0, 16.0 ] },
                "south": { "texture": "#0", "uv": [ 7.0, 15.0, 9.0, 16.0 ] },
                "west": { "texture": "#0", "uv": [ 7.0, 15.0, 9.0, 16.0 ] },
                "up": { "texture": "#0", "uv": [ 7.0, 15.0, 9.0, 16.0 ] },
                "down": { "texture": "#0", "uv": [ 7.0, 15.0, 9.0, 16.0 ] }
            }
        },
        {
            "name": "Cube",
            "from": [ 5.0, 1.0, 5.0 ], 
            "to": [ 11.0, 5.0, 11.0 ], 
            "faces": {
                "north": { "texture": "#0", "uv": [ 5.0, 11.0, 11.0, 15.0 ] },
                "east": { "texture": "#0", "uv": [ 5.0, 11.0, 11.0, 15.0 ] },
                "south": { "texture": "#0", "uv": [ 5.0, 11.0, 11.0, 15.0 ] },
                "west": { "texture": "#0", "uv": [ 5.0, 11.0, 11.0, 15.0 ] },
                "up": { "texture": "#0", "uv": [ 5.0, 3.0, 11.0, 9.0 ] },
                "down": { "texture": "#0", "uv": [ 5.0, 3.0, 11.0, 9.0 ] }
            }
        },
        {
            "name": "Cube",
            "from": [ 6.0, 5.0, 6.0 ], 
            "to": [ 10.0, 6.0, 10.0 ], 
            "faces": {
                "north": { "texture": "#0", "uv": [ 6.0, 10.0, 10.0, 11.0 ] },
                "east": { "texture": "#0", "uv": [ 6.0, 10.0, 10.0, 11.0 ] },
                "south": { "texture": "#0", "uv": [ 6.0, 10.0, 10.0, 11.0 ] },
                "west": { "texture": "#0", "uv": [ 6.0, 10.0, 10.0, 11.0 ] },
                "up": { "texture": "#0", "uv": [ 5.0, 11.0, 9.0, 15.0 ] },
                "down": { "texture": "#0", "uv": [ 7.0, 11.0, 11.0, 15.0 ] }
            }
        },
        {
            "name": "Cube",
            "from": [ 6.0, 2.0, 4.0 ], 
            "to": [ 10.0, 4.0, 5.0 ], 
            "faces": {
                "north": { "texture": "#0", "uv": [ 6.0, 12.0, 10.0, 14.0 ] },
                "east": { "texture": "#0", "uv": [ 4.0, 12.0, 5.0, 14.0 ] },
                "south": { "texture": "#0", "uv": [ 6.0, 12.0, 10.0, 14.0 ] },
                "west": { "texture": "#0", "uv": [ 11.0, 12.0, 12.0, 14.0 ] },
                "up": { "texture": "#0", "uv": [ 6.0, 10.0, 10.0, 11.0 ] },
                "down": { "texture": "#0", "uv": [ 6.0, 14.0, 10.0, 15.0 ] }
            }
        },
        {
            "name": "Cube",
            "from": [ 6.0, 2.0, 11.0 ], 
            "to": [ 10.0, 4.0, 12.0 ], 
            "faces": {
                "north": { "texture": "#0", "uv": [ 10.0, 12.0, 6.0, 14.0 ] },
                "east": { "texture": "#0", "uv": [ 11.0, 12.0, 12.0, 14.0 ] },
                "south": { "texture": "#0", "uv": [ 6.0, 12.0, 10.0, 14.0 ] },
                "west": { "texture": "#0", "uv": [ 4.0, 12.0, 5.0, 14.0 ] },
                "up": { "texture": "#0", "uv": [ 6.0, 10.0, 10.0, 11.0 ] },
                "down": { "texture": "#0", "uv": [ 6.0, 14.0, 10.0, 15.0 ] }
            }
        },
        {
            "name": "Cube",
            "from": [ 4.0, 2.0, 6.0 ], 
            "to": [ 5.0, 4.0, 10.0 ], 
            "faces": {
                "north": { "texture": "#0", "uv": [ 4.0, 12.0, 5.0, 14.0 ] },
                "east": { "texture": "#0", "uv": [ 6.0, 12.0, 10.0, 14.0 ] },
                "south": { "texture": "#0", "uv": [ 11.0, 12.0, 12.0, 14.0 ] },
                "west": { "texture": "#0", "uv": [ 10.0, 12.0, 6.0, 14.0 ] },
                "up": { "texture": "#0", "uv": [ 5.0, 11.0, 6.0, 15.0 ] },
                "down": { "texture": "#0", "uv": [ 10.0, 11.0, 11.0, 15.0 ] }
            }
        },
        {
            "name": "Cube",
            "from": [ 11.0, 2.0, 6.0 ], 
            "to": [ 12.0, 4.0, 10.0 ], 
            "faces": {
                "north": { "texture": "#0", "uv": [ 11.0, 12.0, 12.0, 14.0 ] },
                "east": { "texture": "#0", "uv": [ 6.0, 12.0, 10.0, 14.0 ] },
                "south": { "texture": "#0", "uv": [ 4.0, 12.0, 5.0, 14.0 ] },
                "west": { "texture": "#0", "uv": [ 0.0, 0.0, 4.0, 2.0 ] },
                "up": { "texture": "#0", "uv": [ 5.0, 11.0, 6.0, 15.0 ] },
                "down": { "texture": "#0", "uv": [ 5.0, 11.0, 6.0, 15.0 ] }
            }
        }
    ]
}